<?xml version="1.0"?>
<!--<!DOCTYPE metadata SYSTEM "http://www.esri.com/metadata/esriprof80.dtd">-->
<metadata xml:lang="en"><Esri><CreaDate>20040421</CreaDate><CreaTime>14445400</CreaTime><SyncOnce>TRUE</SyncOnce><MetaID>{972F0C21-34BF-471A-8242-321FBDA9CE7C}</MetaID></Esri><idinfo><citation><citeinfo><onlink Sync="TRUE">\\Room467a\Shale_Hills\GIS\wshd_nad83_edit</onlink></citeinfo></citation></idinfo><distInfo><distributor><distorTran><onLineSrc><linkage Sync="TRUE">file://\\Room467a\Shale_Hills\GIS\wshd_nad83_edit</linkage><protocol Sync="TRUE">Local Area Network</protocol></onLineSrc></distorTran></distributor></distInfo><dataqual><lineage><procstep><procdesc Sync="TRUE">Dataset copied.</procdesc><srcused Sync="TRUE">C:\Working_Files\GIS_data\Shalehills\shalehills_arcGIS\wshd_nad83_edit</srcused><date Sync="TRUE">20040421</date><time Sync="TRUE">14445400</time></procstep></lineage></dataqual></metadata>
