<?xml version="1.0"?>
<!--<!DOCTYPE metadata SYSTEM "http://www.esri.com/metadata/esriprof80.dtd">-->
<metadata xml:lang="en"><Esri><CreaDate>20100223</CreaDate><CreaTime>12585800</CreaTime><SyncOnce>TRUE</SyncOnce><MetaID>{BC9B6B0E-3A4C-42F2-BD93-3A909748CB79}</MetaID></Esri><idinfo><citation><citeinfo><onlink Sync="TRUE">\\SRBHOS\E$\WorkSpace\Jennifer_GIS_Web\ShaleHills\DEM(3meter)\sh_elev</onlink></citeinfo></citation></idinfo><distInfo><distributor><distorTran><onLineSrc><linkage Sync="TRUE">file://\\SRBHOS\E$\WorkSpace\Jennifer_GIS_Web\ShaleHills\DEM(3meter)\sh_elev</linkage><protocol Sync="TRUE">Local Area Network</protocol></onLineSrc></distorTran></distributor></distInfo><dataqual><lineage><procstep><procdesc Sync="TRUE">Dataset copied.</procdesc><srcused Sync="TRUE">D:\Geodata\GIS\DEM\sh_elev</srcused><procdate Sync="TRUE">20100223</procdate><proctime Sync="TRUE">12163300</proctime></procstep><procstep><procdesc Sync="TRUE">Dataset copied.</procdesc><srcused Sync="TRUE">E:\WorkSpace\Jennifer_GIS_Web\sh_elev</srcused><procdate Sync="TRUE">20100223</procdate><proctime Sync="TRUE">12585800</proctime></procstep></lineage></dataqual></metadata>
