,Date,Time,precip_mm,topmodel_mmhr,alternate_mmhr,observ_mmhr
1,4/30/2017,12:00:00 AM,0,0.09423624,0.12168,0.12168
2,4/30/2017,1:00:00 AM,0,0.093918188,0.121269682,0.12168
3,4/30/2017,2:00:00 AM,0,0.093602277,0.120861526,0.12168
4,4/30/2017,3:00:00 AM,0,0.093288486,0.120455515,0.12168
5,4/30/2017,4:00:00 AM,0,0.092976794,0.120051634,0.12168
6,4/30/2017,5:00:00 AM,0,0.09266718,0.119649865,0.12168
7,4/30/2017,6:00:00 AM,0,0.092359622,0.119250194,0.12168
8,4/30/2017,7:00:00 AM,0,0.092054101,0.118852603,0.12168
9,4/30/2017,8:00:00 AM,0,0.091750596,0.118457078,0.12168
10,4/30/2017,9:00:00 AM,0,0.091449087,0.118063602,0.12168
11,4/30/2017,10:00:00 AM,0,0.091149556,0.117672161,0.12168
12,4/30/2017,11:00:00 AM,0,0.090851981,0.117282738,0.12168
13,4/30/2017,12:00:00 PM,0,0.090556345,0.11689532,0.12168
14,4/30/2017,1:00:00 PM,0,0.090262628,0.11650989,0.12168
15,4/30/2017,2:00:00 PM,0,0.089970812,0.116126435,0.12168
16,4/30/2017,3:00:00 PM,0,0.089680878,0.115744938,0.12168
17,4/30/2017,4:00:00 PM,1.149999976,0.089392809,0.265357204,0.12528
18,4/30/2017,5:00:00 PM,0.350000024,0.089106585,0.164285006,0.12528
19,4/30/2017,6:00:00 PM,1.25,0.0965038,0.286947437,0.12528
20,4/30/2017,7:00:00 PM,1.925000191,0.151888724,0.392123153,0.12528
21,4/30/2017,8:00:00 PM,0.150000006,0.09635869,0.14484635,0.12528
22,4/30/2017,9:00:00 PM,0,0.094982638,0.122075777,0.12528
23,4/30/2017,10:00:00 PM,0,0.094659532,0.121663369,0.12528
24,4/30/2017,11:00:00 PM,0.100000001,0.094338619,0.136151278,0.12888
25,5/1/2017,12:00:00 AM,0,0.094019876,0.121025702,0.12888
26,5/1/2017,1:00:00 AM,0.400000006,0.093703281,0.178982602,0.12888
27,5/1/2017,2:00:00 AM,0.075000003,0.093388813,0.132026877,0.12888
28,5/1/2017,3:00:00 AM,0,0.093076451,0.120666105,0.12528
29,5/1/2017,4:00:00 AM,0,0.092766173,0.12026112,0.12528
30,5/1/2017,5:00:00 AM,0,0.092457958,0.119858256,0.12888
31,5/1/2017,6:00:00 AM,0.25,0.092151787,0.15511224,0.17568
32,5/1/2017,7:00:00 AM,0,0.091847638,0.119507981,0.22968
33,5/1/2017,8:00:00 AM,0,0.091545492,0.119109049,0.27864
34,5/1/2017,9:00:00 AM,2.949999809,0.187508453,0.53462707,0.29988
35,5/1/2017,10:00:00 AM,4.724999905,0.30686328,0.86923178,0.27288
36,5/1/2017,11:00:00 AM,1.625,0.182868157,0.577159022,0.2484
37,5/1/2017,12:00:00 PM,2.450000048,0.225881169,0.851322021,0.22968
38,5/1/2017,1:00:00 PM,0,0.129999284,0.138057289,0.21564
39,5/1/2017,2:00:00 PM,0.150000006,0.129394408,0.184880306,0.2016
40,5/1/2017,3:00:00 PM,0.5,0.141538238,0.294205702,0.19332
41,5/1/2017,4:00:00 PM,0.574999988,0.149852456,0.319303194,0.18396
42,5/1/2017,5:00:00 PM,0,0.130872353,0.138069827,0.17568
43,5/1/2017,6:00:00 PM,0,0.130259335,0.137568901,0.17208
44,5/1/2017,7:00:00 PM,0,0.12965204,0.137070866,0.1674
45,5/1/2017,8:00:00 PM,0,0.129050388,0.136575699,0.16416
46,5/1/2017,9:00:00 PM,0,0.1284543,0.136083375,0.16056
47,5/1/2017,10:00:00 PM,0,0.1278637,0.135593871,0.16056
48,5/1/2017,11:00:00 PM,0,0.127278513,0.135107162,0.18396
49,5/2/2017,12:00:00 AM,0,0.126698663,0.134623226,0.30564
50,5/2/2017,1:00:00 AM,0,0.126124079,0.13414204,0.432
51,5/2/2017,2:00:00 AM,0.25,0.125554688,0.204736961,0.414
52,5/2/2017,3:00:00 AM,5.599999905,0.33545403,1.722885329,0.3816
53,5/2/2017,4:00:00 AM,10.75000095,0.627743093,3.903024835,0.33984
54,5/2/2017,5:00:00 AM,2.775000095,0.329920598,1.451018911,0.30564
55,5/2/2017,6:00:00 AM,2.325000048,0.310160287,1.293237807,0.27864
56,5/2/2017,7:00:00 AM,0.349999994,0.254393308,0.341995236,0.25776
57,5/2/2017,8:00:00 AM,0,0.243952972,0.166544598,0.24372
58,5/2/2017,9:00:00 AM,0.075000003,0.241827235,0.203067458,0.23436
59,5/2/2017,10:00:00 AM,0,0.239738303,0.165300616,0.23436
60,5/2/2017,11:00:00 AM,0.050000001,0.237685228,0.189088781,0.26352
61,5/2/2017,12:00:00 PM,0.075000003,0.235667092,0.200483219,0.29988
62,5/2/2017,1:00:00 PM,0.075000003,0.23368301,0.199705243,0.3222
63,5/2/2017,2:00:00 PM,0.725000024,0.239626251,0.511101898,0.3816
64,5/2/2017,3:00:00 PM,1.225000024,0.281066518,0.75404733,0.3888
65,5/2/2017,4:00:00 PM,0.5,0.255174187,0.408600567,0.35712
66,5/2/2017,5:00:00 PM,2.450000048,0.416292845,1.361548765,0.3636
67,5/2/2017,6:00:00 PM,0.950000048,0.338513281,0.646816226,0.3744
68,5/2/2017,7:00:00 PM,0,0.261074446,0.168095064,0.3672
69,5/2/2017,8:00:00 PM,0,0.258640601,0.167406791,0.3636
70,5/2/2017,9:00:00 PM,0.350000024,0.25625182,0.341991398,0.33984
71,5/2/2017,10:00:00 PM,1.75,0.414172441,1.041199721,0.31032
72,5/2/2017,11:00:00 PM,0.725000024,0.325018204,0.53813054,0.29412
73,5/3/2017,12:00:00 AM,0,0.268048704,0.168713797,0.27864
74,5/3/2017,1:00:00 AM,0.025,0.265483409,0.180722153,0.2682
75,5/3/2017,2:00:00 AM,0.125,0.262966865,0.230405958,0.25308
76,5/3/2017,3:00:00 AM,0.075000003,0.260497692,0.204476671,0.24372
77,5/3/2017,4:00:00 AM,0,0.258074564,0.166289797,0.23436
78,5/3/2017,5:00:00 AM,0,0.255696203,0.165613565,0.22968
79,5/3/2017,6:00:00 AM,0.075000003,0.253361377,0.201753025,0.225
80,5/3/2017,7:00:00 AM,0,0.2510689,0.164382424,0.22032
81,5/3/2017,8:00:00 AM,0,0.24881763,0.163718806,0.225
82,5/3/2017,9:00:00 AM,0,0.246606462,0.16305955,0.22968
83,5/3/2017,10:00:00 AM,0.350000024,0.244434333,0.329396387,0.23436
84,5/3/2017,11:00:00 AM,0,0.242300217,0.162264286,0.2484
85,5/3/2017,12:00:00 PM,0,0.240203124,0.161614546,0.2484
86,5/3/2017,1:00:00 PM,0,0.238142097,0.160969036,0.24372
87,5/3/2017,2:00:00 PM,0,0.236116212,0.160327716,0.23436
88,5/3/2017,3:00:00 PM,0.375,0.234124576,0.332391299,0.225
89,5/3/2017,4:00:00 PM,0.925000072,0.235797283,0.585269108,0.21564
90,5/3/2017,5:00:00 PM,0,0.230878778,0.160353985,0.21096
91,5/3/2017,6:00:00 PM,0,0.228974339,0.159716645,0.2016
92,5/3/2017,7:00:00 PM,0,0.227101125,0.159083417,0.19692
93,5/3/2017,8:00:00 PM,0,0.225258373,0.158454262,0.19332
94,5/3/2017,9:00:00 PM,0,0.223445344,0.157829142,0.18864
95,5/3/2017,10:00:00 PM,0,0.221661325,0.15720802,0.18396
96,5/3/2017,11:00:00 PM,0,0.219905624,0.156590858,0.18036
97,5/4/2017,12:00:00 AM,0,0.218177572,0.155977618,0.17568
98,5/4/2017,1:00:00 AM,0,0.216476518,0.155368265,0.17208
99,5/4/2017,2:00:00 AM,0,0.214801835,0.154762763,0.17568
100,5/4/2017,3:00:00 AM,0,0.213152913,0.154161076,0.17208
101,5/4/2017,4:00:00 AM,0,0.211529162,0.153563168,0.17208
102,5/4/2017,5:00:00 AM,0,0.209930009,0.152969006,0.1674
103,5/4/2017,6:00:00 AM,0,0.208354899,0.152378555,0.16416
104,5/4/2017,7:00:00 AM,0,0.206803292,0.151791781,0.16416
105,5/4/2017,8:00:00 AM,0,0.205274666,0.15120865,0.16416
106,5/4/2017,9:00:00 AM,0,0.203768514,0.15062913,0.16056
107,5/4/2017,10:00:00 AM,0,0.202284343,0.150053188,0.16056
108,5/4/2017,11:00:00 AM,0,0.200821674,0.149480792,0.16056
109,5/4/2017,12:00:00 PM,0,0.199380043,0.148911909,0.16056
110,5/4/2017,1:00:00 PM,0,0.197958999,0.148346509,0.15588
111,5/4/2017,2:00:00 PM,0,0.196558104,0.14778456,0.15588
112,5/4/2017,3:00:00 PM,0,0.195176932,0.147226031,0.15228
113,5/4/2017,4:00:00 PM,0,0.193815068,0.146670893,0.14868
114,5/4/2017,5:00:00 PM,0,0.19247211,0.146119114,0.14868
115,5/4/2017,6:00:00 PM,0,0.191147667,0.145570666,0.14868
116,5/4/2017,7:00:00 PM,0,0.189841357,0.145025519,0.144
117,5/4/2017,8:00:00 PM,0,0.188552811,0.144483643,0.144
118,5/4/2017,9:00:00 PM,0,0.187281668,0.143945011,0.144
119,5/4/2017,10:00:00 PM,0,0.186027578,0.143409595,0.144
120,5/4/2017,11:00:00 PM,0,0.1847902,0.142877365,0.144
121,5/5/2017,12:00:00 AM,0,0.1835692,0.142348294,0.1404
122,5/5/2017,1:00:00 AM,0,0.182364257,0.141822356,0.1404
123,5/5/2017,2:00:00 AM,0,0.181175054,0.141299522,0.144
124,5/5/2017,3:00:00 AM,0,0.180001285,0.140779766,0.144
125,5/5/2017,4:00:00 AM,0.100000001,0.178842652,0.173259525,0.1404
126,5/5/2017,5:00:00 AM,0,0.177698862,0.139912239,0.1404
127,5/5/2017,6:00:00 AM,0.100000001,0.176569633,0.171806478,0.1404
128,5/5/2017,7:00:00 AM,0.025,0.175454688,0.147114395,0.1404
129,5/5/2017,8:00:00 AM,0.025,0.174353757,0.146594907,0.1404
130,5/5/2017,9:00:00 AM,0.225000009,0.173266577,0.209700917,0.144
131,5/5/2017,10:00:00 AM,0.025,0.172192892,0.14593237,0.144
132,5/5/2017,11:00:00 AM,0.075000003,0.171132452,0.16118375,0.144
133,5/5/2017,12:00:00 PM,0.125,0.170085013,0.176261921,0.144
134,5/5/2017,1:00:00 PM,0.150000006,0.169050338,0.18358876,0.144
135,5/5/2017,2:00:00 PM,0.075000003,0.168028194,0.159891854,0.14868
136,5/5/2017,3:00:00 PM,0,0.167018354,0.136248418,0.15228
137,5/5/2017,4:00:00 PM,0,0.166020599,0.135757969,0.18864
138,5/5/2017,5:00:00 PM,0,0.165034711,0.135270324,0.25776
139,5/5/2017,6:00:00 PM,0.574999988,0.16406048,0.305508598,0.29988
140,5/5/2017,7:00:00 PM,3.725000143,0.233548041,1.254919882,0.29412
141,5/5/2017,8:00:00 PM,4.875,0.386421647,1.791772812,0.2682
142,5/5/2017,9:00:00 PM,4,0.376041555,1.684711971,0.25308
143,5/5/2017,10:00:00 PM,0.324999988,0.236514441,0.294463091,0.23904
144,5/5/2017,11:00:00 PM,0,0.227164125,0.154351742,0.22968
145,5/6/2017,12:00:00 AM,0,0.225320352,0.153752638,0.22032
146,5/6/2017,1:00:00 AM,0,0.223506328,0.153157291,0.21096
147,5/6/2017,2:00:00 AM,0,0.221721337,0.152565664,0.2016
148,5/6/2017,3:00:00 AM,0,0.219964687,0.151977726,0.19692
149,5/6/2017,4:00:00 AM,0,0.218235708,0.151393442,0.19692
150,5/6/2017,5:00:00 AM,0,0.21653375,0.150812779,0.20628
151,5/6/2017,6:00:00 AM,0,0.214858183,0.150235704,0.21564
152,5/6/2017,7:00:00 AM,0.200000003,0.213208397,0.228217323,0.21564
153,5/6/2017,8:00:00 AM,0.424999982,0.211583803,0.315737658,0.21096
154,5/6/2017,9:00:00 AM,0,0.209983825,0.149505272,0.20628
155,5/6/2017,10:00:00 AM,0.100000001,0.208407908,0.18778557,0.21564
156,5/6/2017,11:00:00 AM,0.025,0.206855513,0.158112279,0.22032
157,5/6/2017,12:00:00 PM,0,0.205326117,0.148004301,0.21564
158,5/6/2017,1:00:00 PM,0.125,0.203819211,0.194371131,0.20628
159,5/6/2017,2:00:00 PM,0.474999994,0.202334302,0.324357313,0.2016
160,5/6/2017,3:00:00 PM,0,0.200870912,0.147290272,0.2016
161,5/6/2017,4:00:00 PM,0,0.199428576,0.146734744,0.21096
162,5/6/2017,5:00:00 PM,0.050000001,0.198006841,0.164539033,0.21564
163,5/6/2017,6:00:00 PM,0,0.19660527,0.145713655,0.21096
164,5/6/2017,7:00:00 PM,0.025,0.195223436,0.154217361,0.2016
165,5/6/2017,8:00:00 PM,0,0.193860924,0.144664933,0.19332
166,5/6/2017,9:00:00 PM,0,0.192517332,0.144125217,0.18864
167,5/6/2017,10:00:00 PM,0,0.191192267,0.143588725,0.18396
168,5/6/2017,11:00:00 PM,0,0.189885349,0.14305543,0.18036
169,5/7/2017,12:00:00 AM,0,0.188596207,0.142525303,0.17568
170,5/7/2017,1:00:00 AM,0,0.18732448,0.141998318,0.17208
171,5/7/2017,2:00:00 AM,0.174999997,0.186069817,0.201419529,0.17208
172,5/7/2017,3:00:00 AM,0,0.184831877,0.141235666,0.1674
173,5/7/2017,4:00:00 AM,0.025,0.183610328,0.149091799,0.1674
174,5/7/2017,5:00:00 AM,0.075000003,0.182404845,0.164974104,0.16416
175,5/7/2017,6:00:00 AM,0,0.181215114,0.139849059,0.16416
176,5/7/2017,7:00:00 AM,0,0.180040827,0.139337799,0.16416
177,5/7/2017,8:00:00 AM,0,0.178881686,0.138829519,0.16416
178,5/7/2017,9:00:00 AM,0,0.177737398,0.138324192,0.16416
179,5/7/2017,10:00:00 AM,0,0.176607679,0.137821795,0.16416
180,5/7/2017,11:00:00 AM,0,0.175492254,0.137322301,0.16416
181,5/7/2017,12:00:00 PM,0.100000001,0.174390852,0.167954588,0.16416
182,5/7/2017,1:00:00 PM,0,0.173303211,0.136495501,0.16416
183,5/7/2017,2:00:00 PM,0,0.172229072,0.136003637,0.16056
184,5/7/2017,3:00:00 PM,0,0.171168187,0.135514589,0.16056
185,5/7/2017,4:00:00 PM,0,0.170120312,0.135028332,0.16056
186,5/7/2017,5:00:00 PM,0,0.169085208,0.134544845,0.16056
187,5/7/2017,6:00:00 PM,0.050000001,0.168062643,0.148419946,0.16416
188,5/7/2017,7:00:00 PM,0,0.16705239,0.133669128,0.1674
189,5/7/2017,8:00:00 PM,0,0.166054228,0.133193342,0.1674
190,5/7/2017,9:00:00 PM,0.200000003,0.165067941,0.188160538,0.2016
191,5/7/2017,10:00:00 PM,0,0.164093318,0.132583734,0.29412
192,5/7/2017,11:00:00 PM,0.75000006,0.163130154,0.337317662,0.3672
193,5/8/2017,12:00:00 AM,2.000000238,0.17460288,0.688886186,0.3744
194,5/8/2017,1:00:00 AM,2.974999905,0.291969558,1.042217126,0.35136
195,5/8/2017,2:00:00 AM,2.599999905,0.290770552,0.998535179,0.31644
196,5/8/2017,3:00:00 AM,1.049999952,0.235207714,0.518046985,0.28944
197,5/8/2017,4:00:00 AM,0.800000072,0.228773423,0.435003397,0.2682
198,5/8/2017,5:00:00 AM,0.475000024,0.217280092,0.319832647,0.25308
199,5/8/2017,6:00:00 AM,0.200000003,0.205796683,0.219584303,0.23904
200,5/8/2017,7:00:00 AM,0,0.201453883,0.14594135,0.22968
201,5/8/2017,8:00:00 AM,0,0.200003177,0.145393973,0.22032
202,5/8/2017,9:00:00 AM,0,0.198573253,0.144849887,0.21096
203,5/8/2017,10:00:00 AM,0,0.197163667,0.144309064,0.20628
204,5/8/2017,11:00:00 AM,0,0.195773986,0.143771475,0.19692
205,5/8/2017,12:00:00 PM,0,0.194403792,0.143237092,0.19332
206,5/8/2017,1:00:00 PM,0,0.193052677,0.142705887,0.18864
207,5/8/2017,2:00:00 PM,0,0.191720245,0.142177833,0.18396
208,5/8/2017,3:00:00 PM,0,0.190406111,0.141652901,0.18036
209,5/8/2017,4:00:00 PM,0,0.189109901,0.141131066,0.17568
210,5/8/2017,5:00:00 PM,0,0.187831248,0.140612301,0.17208
211,5/8/2017,6:00:00 PM,0,0.186569799,0.140096579,0.17208
212,5/8/2017,7:00:00 PM,0,0.185325209,0.139583874,0.1674
213,5/8/2017,8:00:00 PM,0,0.184097141,0.13907416,0.1674
214,5/8/2017,9:00:00 PM,0,0.182885268,0.138567413,0.1674
215,5/8/2017,10:00:00 PM,0,0.181689272,0.138063607,0.16416
216,5/8/2017,11:00:00 PM,0,0.180508842,0.137562716,0.16416
217,5/9/2017,12:00:00 AM,0,0.179343676,0.137064717,0.16056
218,5/9/2017,1:00:00 AM,0,0.178193479,0.136569585,0.16056
219,5/9/2017,2:00:00 AM,0,0.177057965,0.136077296,0.16056
220,5/9/2017,3:00:00 AM,0,0.175936854,0.135587827,0.15588
221,5/9/2017,4:00:00 AM,0,0.174829873,0.135101153,0.15588
222,5/9/2017,5:00:00 AM,0,0.173736757,0.134617251,0.15588
223,5/9/2017,6:00:00 AM,0,0.172657246,0.134136099,0.15228
224,5/9/2017,7:00:00 AM,0,0.171591088,0.133657674,0.15228
225,5/9/2017,8:00:00 AM,0,0.170538036,0.133181953,0.15228
226,5/9/2017,9:00:00 AM,0,0.16949785,0.132708913,0.15228
227,5/9/2017,10:00:00 AM,0,0.168470295,0.132238534,0.15228
228,5/9/2017,11:00:00 AM,0,0.167455143,0.131770793,0.14868
229,5/9/2017,12:00:00 PM,0,0.166452169,0.131305668,0.14868
230,5/9/2017,1:00:00 PM,0,0.165461157,0.130843138,0.14868
231,5/9/2017,2:00:00 PM,0,0.164481892,0.130383183,0.14868
232,5/9/2017,3:00:00 PM,0,0.163514167,0.129925781,0.144
233,5/9/2017,4:00:00 PM,0,0.16255778,0.129470911,0.144
234,5/9/2017,5:00:00 PM,0,0.161612531,0.129018554,0.144
235,5/9/2017,6:00:00 PM,0,0.160678227,0.128568689,0.144
236,5/9/2017,7:00:00 PM,0,0.15975468,0.128121296,0.144
237,5/9/2017,8:00:00 PM,0,0.158841703,0.127676355,0.1404
238,5/9/2017,9:00:00 PM,0,0.157939117,0.127233847,0.1404
239,5/9/2017,10:00:00 PM,0,0.157046745,0.126793752,0.1404
240,5/9/2017,11:00:00 PM,0,0.156164415,0.126356052,0.1404
241,5/10/2017,12:00:00 AM,0,0.155291957,0.125920727,0.1404
242,5/10/2017,1:00:00 AM,0,0.154429206,0.125487758,0.1404
243,5/10/2017,2:00:00 AM,0,0.153576003,0.125057128,0.13572
244,5/10/2017,3:00:00 AM,0,0.152732188,0.124628817,0.13572
245,5/10/2017,4:00:00 AM,0,0.151897607,0.124202807,0.13572
246,5/10/2017,5:00:00 AM,0,0.15107211,0.123779081,0.13572
247,5/10/2017,6:00:00 AM,0,0.150255549,0.123357621,0.13572
248,5/10/2017,7:00:00 AM,0,0.14944778,0.122938409,0.13572
249,5/10/2017,8:00:00 AM,0,0.148648661,0.122521427,0.13572
250,5/10/2017,9:00:00 AM,0,0.147858054,0.122106659,0.13572
251,5/10/2017,10:00:00 AM,0,0.147075823,0.121694087,0.13248
252,5/10/2017,11:00:00 AM,0,0.146301836,0.121283695,0.13248
253,5/10/2017,12:00:00 PM,0,0.145535963,0.120875465,0.13248
254,5/10/2017,1:00:00 PM,0,0.144778077,0.120469381,0.13248
255,5/10/2017,2:00:00 PM,0,0.144028054,0.120065427,0.12888
256,5/10/2017,3:00:00 PM,0,0.143285772,0.119663586,0.12888
257,5/10/2017,4:00:00 PM,0,0.142551111,0.119263843,0.12888
258,5/10/2017,5:00:00 PM,0,0.141823956,0.118866182,0.12888
259,5/10/2017,6:00:00 PM,0,0.14110419,0.118470586,0.12888
260,5/10/2017,7:00:00 PM,0,0.140391702,0.11807704,0.12528
261,5/10/2017,8:00:00 PM,0,0.139686382,0.11768553,0.12528
262,5/10/2017,9:00:00 PM,0,0.138988123,0.117296038,0.12528
263,5/10/2017,10:00:00 PM,0,0.138296819,0.116908551,0.12528
264,5/10/2017,11:00:00 PM,0,0.137612365,0.116523054,0.12528
265,5/11/2017,12:00:00 AM,0,0.136934662,0.116139531,0.12528
266,5/11/2017,1:00:00 AM,0,0.136263609,0.115757968,0.12528
267,5/11/2017,2:00:00 AM,0,0.135599109,0.11537835,0.12528
268,5/11/2017,3:00:00 AM,0,0.134941066,0.115000663,0.12528
269,5/11/2017,4:00:00 AM,0,0.134289387,0.114624893,0.12528
270,5/11/2017,5:00:00 AM,0,0.133643979,0.114251026,0.12528
271,5/11/2017,6:00:00 AM,0,0.133004753,0.113879047,0.12528
272,5/11/2017,7:00:00 AM,0,0.13237162,0.113508943,0.12168
273,5/11/2017,8:00:00 AM,0,0.131744494,0.1131407,0.12168
274,5/11/2017,9:00:00 AM,0,0.131123288,0.112774305,0.12168
275,5/11/2017,10:00:00 AM,0,0.13050792,0.112409744,0.12168
276,5/11/2017,11:00:00 AM,0,0.129898308,0.112047003,0.12168
277,5/11/2017,12:00:00 PM,0,0.129294371,0.11168607,0.12168
278,5/11/2017,1:00:00 PM,0,0.12869603,0.111326931,0.12168
279,5/11/2017,2:00:00 PM,0,0.128103207,0.110969575,0.12168
280,5/11/2017,3:00:00 PM,0,0.127515828,0.110613986,0.11844
281,5/11/2017,4:00:00 PM,0,0.126933816,0.110260154,0.11844
282,5/11/2017,5:00:00 PM,0,0.1263571,0.109908066,0.11448
283,5/11/2017,6:00:00 PM,0,0.125785606,0.109557708,0.11448
284,5/11/2017,7:00:00 PM,0,0.125219264,0.10920907,0.11448
285,5/11/2017,8:00:00 PM,0,0.124658005,0.108862137,0.11448
286,5/11/2017,9:00:00 PM,0,0.12410176,0.108516899,0.11448
287,5/11/2017,10:00:00 PM,0,0.123550463,0.108173344,0.11448
288,5/11/2017,11:00:00 PM,0,0.123004047,0.107831459,0.11448
289,5/12/2017,12:00:00 AM,0,0.122462449,0.107491233,0.11448
290,5/12/2017,1:00:00 AM,0,0.121925604,0.107152654,0.11448
291,5/12/2017,2:00:00 AM,0,0.121393451,0.106815711,0.11448
292,5/12/2017,3:00:00 AM,0,0.120865928,0.106480392,0.11448
293,5/12/2017,4:00:00 AM,0,0.120342975,0.106146685,0.11448
294,5/12/2017,5:00:00 AM,0,0.119824532,0.105814581,0.11448
295,5/12/2017,6:00:00 AM,0,0.119310542,0.105484066,0.11448
296,5/12/2017,7:00:00 AM,0,0.118800947,0.105155132,0.11448
297,5/12/2017,8:00:00 AM,0,0.118295692,0.104827765,0.11448
298,5/12/2017,9:00:00 AM,0,0.117794721,0.104501957,0.11124
299,5/12/2017,10:00:00 AM,0,0.117297979,0.104177695,0.11124
300,5/12/2017,11:00:00 AM,0,0.116805413,0.10385497,0.11124
301,5/12/2017,12:00:00 PM,0,0.116316972,0.10353377,0.11124
302,5/12/2017,1:00:00 PM,0,0.115832602,0.103214086,0.11124
303,5/12/2017,2:00:00 PM,0,0.115352254,0.102895907,0.10764
304,5/12/2017,3:00:00 PM,0,0.114875878,0.102579223,0.10764
305,5/12/2017,4:00:00 PM,0,0.114403424,0.102264024,0.1044
306,5/12/2017,5:00:00 PM,0,0.113934844,0.101950299,0.1044
307,5/12/2017,6:00:00 PM,0,0.113470091,0.101638038,0.1044
308,5/12/2017,7:00:00 PM,0,0.113009118,0.101327233,0.1044
309,5/12/2017,8:00:00 PM,0,0.11255188,0.101017872,0.1044
310,5/12/2017,9:00:00 PM,0,0.112098329,0.100709947,0.1044
311,5/12/2017,10:00:00 PM,0,0.111648423,0.100403447,0.1044
312,5/12/2017,11:00:00 PM,0,0.111202118,0.100098364,0.1044
313,5/13/2017,12:00:00 AM,0,0.11075937,0.099794687,0.1044
314,5/13/2017,1:00:00 AM,0,0.110320138,0.099492407,0.1044
315,5/13/2017,2:00:00 AM,0,0.109884378,0.099191515,0.1044
316,5/13/2017,3:00:00 AM,0,0.109452051,0.098892002,0.1044
317,5/13/2017,4:00:00 AM,0,0.109023116,0.098593859,0.1044
318,5/13/2017,5:00:00 AM,0,0.108597532,0.098297076,0.1044
319,5/13/2017,6:00:00 AM,0,0.108175262,0.098001645,0.1044
320,5/13/2017,7:00:00 AM,0,0.107756266,0.097707557,0.1044
321,5/13/2017,8:00:00 AM,0,0.107340507,0.097414802,0.1044
322,5/13/2017,9:00:00 AM,0,0.106927946,0.097123373,0.1044
323,5/13/2017,10:00:00 AM,0,0.106518548,0.096833261,0.1044
324,5/13/2017,11:00:00 AM,0,0.106112275,0.096544456,0.1044
325,5/13/2017,12:00:00 PM,0,0.105709093,0.096256951,0.1044
326,5/13/2017,1:00:00 PM,0,0.105308966,0.095970737,0.1044
327,5/13/2017,2:00:00 PM,0,0.10491186,0.095685806,0.10116
328,5/13/2017,3:00:00 PM,0,0.10451774,0.095402149,0.10116
329,5/13/2017,4:00:00 PM,0,0.104126573,0.095119758,0.10116
330,5/13/2017,5:00:00 PM,0,0.103738325,0.094838625,0.10116
331,5/13/2017,6:00:00 PM,0,0.103352965,0.094558743,0.10116
332,5/13/2017,7:00:00 PM,0,0.10297046,0.094280102,0.10116
333,5/13/2017,8:00:00 PM,0,0.102590778,0.094002695,0.09828
334,5/13/2017,9:00:00 PM,0,0.102213889,0.093726514,0.09828
335,5/13/2017,10:00:00 PM,0.200000003,0.101839761,0.099862019,0.09828
336,5/13/2017,11:00:00 PM,0,0.101468364,0.093500462,0.09828
337,5/14/2017,12:00:00 AM,0.100000001,0.101099669,0.09636813,0.10116
338,5/14/2017,1:00:00 AM,0.225000009,0.100733646,0.09991685,0.1044
339,5/14/2017,2:00:00 AM,0.225000009,0.100370266,0.100222251,0.11124
340,5/14/2017,3:00:00 AM,0.600000024,0.100009501,0.112491875,0.11844
341,5/14/2017,4:00:00 AM,0.800000072,0.099651322,0.12049444,0.13248
342,5/14/2017,5:00:00 AM,0.625,0.099295702,0.116774922,0.144
343,5/14/2017,6:00:00 AM,1.149999976,0.098942613,0.136510013,0.16056
344,5/14/2017,7:00:00 AM,0.949999988,0.098592028,0.132713346,0.17208
345,5/14/2017,8:00:00 AM,1.225000024,0.144675179,0.146633605,0.18036
346,5/14/2017,9:00:00 AM,1.375,0.15620213,0.181111483,0.18864
347,5/14/2017,10:00:00 AM,1.100000024,0.147676293,0.170165505,0.19332
348,5/14/2017,11:00:00 AM,0.950000048,0.14391954,0.171079712,0.18396
349,5/14/2017,12:00:00 PM,0.550000012,0.128328759,0.145620853,0.17568
350,5/14/2017,1:00:00 PM,0.400000006,0.122561737,0.135841048,0.17208
351,5/14/2017,2:00:00 PM,0.200000003,0.113949187,0.1215416,0.1674
352,5/14/2017,3:00:00 PM,0.200000003,0.113625618,0.121566137,0.17208
353,5/14/2017,4:00:00 PM,0,0.111793207,0.106397395,0.17208
354,5/14/2017,5:00:00 PM,0.200000003,0.111345745,0.121022869,0.17208
355,5/14/2017,6:00:00 PM,0.425000012,0.117057638,0.137889393,0.16416
356,5/14/2017,7:00:00 PM,0.200000003,0.112492113,0.1217627,0.16056
357,5/14/2017,8:00:00 PM,0.175000012,0.111045208,0.119882623,0.15588
358,5/14/2017,9:00:00 PM,0.174999997,0.110638449,0.119820066,0.15228
359,5/14/2017,10:00:00 PM,0.125,0.109857032,0.115956272,0.15588
360,5/14/2017,11:00:00 PM,0.050000001,0.10942492,0.110110217,0.1674
361,5/15/2017,12:00:00 AM,0.275000006,0.108996197,0.126660782,0.19332
362,5/15/2017,1:00:00 AM,0.175000012,0.108570824,0.119410844,0.225
363,5/15/2017,2:00:00 AM,0.350000024,0.11502695,0.132533392,0.25308
364,5/15/2017,3:00:00 AM,1.299999952,0.159673187,0.205646664,0.27864
365,5/15/2017,4:00:00 AM,0.75,0.138628992,0.172206866,0.28944
366,5/15/2017,5:00:00 AM,1.375,0.168786412,0.230438908,0.28332
367,5/15/2017,6:00:00 AM,1.100000024,0.160696046,0.220750313,0.27864
368,5/15/2017,7:00:00 AM,1.350000024,0.17539147,0.264659544,0.27288
369,5/15/2017,8:00:00 AM,1.525000095,0.187853555,0.312173054,0.26352
370,5/15/2017,9:00:00 AM,0.275000006,0.136658237,0.154922809,0.25308
371,5/15/2017,10:00:00 AM,0.075000003,0.131617792,0.127799397,0.23904
372,5/15/2017,11:00:00 AM,0.050000001,0.130997779,0.124103654,0.22968
373,5/15/2017,12:00:00 PM,0,0.130383587,0.117011931,0.22032
374,5/15/2017,1:00:00 PM,0,0.129775134,0.116625903,0.21096
375,5/15/2017,2:00:00 PM,0,0.129172341,0.116241854,0.19692
376,5/15/2017,3:00:00 PM,0,0.128575127,0.115859768,0.18864
377,5/15/2017,4:00:00 PM,0,0.127983417,0.115479632,0.18036
378,5/15/2017,5:00:00 PM,0,0.127397134,0.11510143,0.17208
379,5/15/2017,6:00:00 PM,0,0.126816205,0.114725149,0.1674
380,5/15/2017,7:00:00 PM,0,0.126240555,0.114350775,0.16416
381,5/15/2017,8:00:00 PM,0,0.125670114,0.113978293,0.15588
382,5/15/2017,9:00:00 PM,0,0.12510481,0.113607689,0.15228
383,5/15/2017,10:00:00 PM,0,0.124544575,0.11323895,0.14868
384,5/15/2017,11:00:00 PM,0,0.123989341,0.112872062,0.14868
385,5/16/2017,12:00:00 AM,0,0.123439041,0.112507012,0.144
386,5/16/2017,1:00:00 AM,0,0.12289361,0.112143786,0.144
387,5/16/2017,2:00:00 AM,0,0.122352982,0.111782371,0.1404
388,5/16/2017,3:00:00 AM,0,0.121817096,0.111422754,0.1404
389,5/16/2017,4:00:00 AM,0,0.121285889,0.111064922,0.13572
390,5/16/2017,5:00:00 AM,0,0.120759299,0.110708862,0.13572
391,5/16/2017,6:00:00 AM,0,0.120237267,0.110354562,0.13572
392,5/16/2017,7:00:00 AM,0,0.119719734,0.110002009,0.13248
393,5/16/2017,8:00:00 AM,0,0.119206641,0.10965119,0.12888
394,5/16/2017,9:00:00 AM,0,0.118697933,0.109302093,0.12888
395,5/16/2017,10:00:00 AM,0,0.118193553,0.108954705,0.12888
396,5/16/2017,11:00:00 AM,0,0.117693445,0.108609016,0.12528
397,5/16/2017,12:00:00 PM,0,0.117197556,0.108265012,0.12528
398,5/16/2017,1:00:00 PM,0,0.116705833,0.107922682,0.12168
399,5/16/2017,2:00:00 PM,0,0.116218223,0.107582013,0.12168
400,5/16/2017,3:00:00 PM,0,0.115734675,0.107242995,0.11844
401,5/16/2017,4:00:00 PM,0,0.115255138,0.106905616,0.11448
402,5/16/2017,5:00:00 PM,0,0.114779562,0.106569864,0.11448
403,5/16/2017,6:00:00 PM,0,0.114307899,0.106235727,0.11448
404,5/16/2017,7:00:00 PM,0,0.113840101,0.105903196,0.11124
405,5/16/2017,8:00:00 PM,0,0.11337612,0.105572257,0.11124
406,5/16/2017,9:00:00 PM,0,0.112915909,0.105242901,0.11124
407,5/16/2017,10:00:00 PM,0,0.112459424,0.104915117,0.11124
408,5/16/2017,11:00:00 PM,0,0.112006618,0.104588893,0.11124
409,5/17/2017,12:00:00 AM,0,0.111557447,0.104264219,0.11124
410,5/17/2017,1:00:00 AM,0,0.111111868,0.103941084,0.11124
411,5/17/2017,2:00:00 AM,0,0.110669838,0.103619478,0.11124
412,5/17/2017,3:00:00 AM,0,0.110231314,0.10329939,0.11124
413,5/17/2017,4:00:00 AM,0,0.109796255,0.102980809,0.11124
414,5/17/2017,5:00:00 AM,0,0.109364621,0.102663727,0.11124
415,5/17/2017,6:00:00 AM,0,0.10893637,0.102348131,0.11124
416,5/17/2017,7:00:00 AM,0,0.108511463,0.102034013,0.11124
417,5/17/2017,8:00:00 AM,0,0.108089861,0.101721362,0.11124
418,5/17/2017,9:00:00 AM,0,0.107671526,0.101410169,0.11124
419,5/17/2017,10:00:00 AM,0,0.107256419,0.101100423,0.11124
420,5/17/2017,11:00:00 AM,0,0.106844504,0.100792115,0.11124
421,5/17/2017,12:00:00 PM,0,0.106435744,0.100485235,0.10764
422,5/17/2017,1:00:00 PM,0,0.106030102,0.100179774,0.10764
423,5/17/2017,2:00:00 PM,0,0.105627544,0.099875722,0.1044
424,5/17/2017,3:00:00 PM,0,0.105228033,0.09957307,0.1044
425,5/17/2017,4:00:00 PM,0,0.104831536,0.099271808,0.10116
426,5/17/2017,5:00:00 PM,0,0.104438019,0.098971927,0.10116
427,5/17/2017,6:00:00 PM,0,0.104047448,0.098673419,0.09828
428,5/17/2017,7:00:00 PM,0,0.10365979,0.098376273,0.09828
429,5/17/2017,8:00:00 PM,0,0.103275012,0.098080482,0.09828
430,5/17/2017,9:00:00 PM,0,0.102893083,0.097786035,0.09828
431,5/17/2017,10:00:00 PM,0,0.102513971,0.097492925,0.09828
432,5/17/2017,11:00:00 PM,0,0.102137646,0.097201143,0.09828
433,5/18/2017,12:00:00 AM,0,0.101764075,0.096910679,0.09504
434,5/18/2017,1:00:00 AM,0,0.10139323,0.096621526,0.09828
435,5/18/2017,2:00:00 AM,0,0.10102508,0.096333674,0.09828
436,5/18/2017,3:00:00 AM,0,0.100659596,0.096047116,0.09828
437,5/18/2017,4:00:00 AM,0,0.10029675,0.095761843,0.09828
438,5/18/2017,5:00:00 AM,0,0.099936512,0.095477846,0.09828
439,5/18/2017,6:00:00 AM,0,0.099578856,0.095195117,0.09828
440,5/18/2017,7:00:00 AM,0,0.099223752,0.094913649,0.09828
441,5/18/2017,8:00:00 AM,0,0.098871174,0.094633433,0.09828
442,5/18/2017,9:00:00 AM,0,0.098521096,0.094354461,0.09828
443,5/18/2017,10:00:00 AM,0,0.098173489,0.094076725,0.09828
444,5/18/2017,11:00:00 AM,0,0.097828329,0.093800217,0.09828
445,5/18/2017,12:00:00 PM,0,0.09748559,0.09352493,0.09504
446,5/18/2017,1:00:00 PM,0,0.097145246,0.093250856,0.09504
447,5/18/2017,2:00:00 PM,0,0.096807273,0.092977986,0.09216
448,5/18/2017,3:00:00 PM,0,0.096471645,0.092706313,0.09216
449,5/18/2017,4:00:00 PM,0,0.096138338,0.092435831,0.08928
450,5/18/2017,5:00:00 PM,0,0.095807328,0.09216653,0.08604
451,5/18/2017,6:00:00 PM,0,0.095478592,0.091898405,0.08604
452,5/18/2017,7:00:00 PM,0,0.095152105,0.091631446,0.08928
453,5/18/2017,8:00:00 PM,0,0.094827846,0.091365648,0.09216
454,5/18/2017,9:00:00 PM,0,0.094505792,0.091101003,0.09504
455,5/18/2017,10:00:00 PM,1.075000048,0.094185919,0.121312503,0.09504
456,5/18/2017,11:00:00 PM,2.025000095,0.093868206,0.152077679,0.09828
457,5/19/2017,12:00:00 AM,0,0.093552631,0.095299708,0.09828
458,5/19/2017,1:00:00 AM,2.225000143,0.124976408,0.172473679,0.09828
459,5/19/2017,2:00:00 AM,0.324999988,0.10238104,0.111105075,0.09504
460,5/19/2017,3:00:00 AM,0,0.095399331,0.098682962,0.09504
461,5/19/2017,4:00:00 AM,0,0.095073386,0.098385773,0.09504
462,5/19/2017,5:00:00 AM,0,0.094749663,0.098089938,0.09504
463,5/19/2017,6:00:00 AM,0,0.094428139,0.097795449,0.09504
464,5/19/2017,7:00:00 AM,0.125,0.094108791,0.102173421,0.09504
465,5/19/2017,8:00:00 AM,0,0.093791598,0.097418989,0.09504
466,5/19/2017,9:00:00 AM,0,0.093476537,0.097127541,0.09504
467,5/19/2017,10:00:00 AM,0,0.093163588,0.09683741,0.09504
468,5/19/2017,11:00:00 AM,0,0.092852729,0.096548586,0.09504
469,5/19/2017,12:00:00 PM,0,0.09254394,0.096261063,0.09504
470,5/19/2017,1:00:00 PM,0,0.092237199,0.09597483,0.09504
471,5/19/2017,2:00:00 PM,0,0.091932487,0.095689881,0.09504
472,5/19/2017,3:00:00 PM,0,0.091629783,0.095406205,0.09216
473,5/19/2017,4:00:00 PM,0,0.091329067,0.095123797,0.09216
474,5/19/2017,5:00:00 PM,0,0.09103032,0.094842646,0.08928
475,5/19/2017,6:00:00 PM,0,0.090733523,0.094562745,0.08928
476,5/19/2017,7:00:00 PM,0,0.090438657,0.094284087,0.08928
477,5/19/2017,8:00:00 PM,0,0.090145702,0.094006662,0.08928
478,5/19/2017,9:00:00 PM,0,0.089854641,0.093730464,0.08928
479,5/19/2017,10:00:00 PM,0,0.089565455,0.093455484,0.08928
480,5/19/2017,11:00:00 PM,0,0.089278126,0.093181715,0.08928
481,5/20/2017,12:00:00 AM,0,0.088992635,0.092909149,0.08928
482,5/20/2017,1:00:00 AM,0,0.088708967,0.092637778,0.08928
483,5/20/2017,2:00:00 AM,0,0.088427102,0.092367595,0.08928
484,5/20/2017,3:00:00 AM,0,0.088147025,0.092098593,0.08928
485,5/20/2017,4:00:00 AM,0,0.087868717,0.091830763,0.08928
486,5/20/2017,5:00:00 AM,0,0.087592162,0.091564099,0.08928
487,5/20/2017,6:00:00 AM,0,0.087317345,0.091298593,0.08928
488,5/20/2017,7:00:00 AM,0,0.087044248,0.091034238,0.08928
489,5/20/2017,8:00:00 AM,0,0.086772855,0.090771027,0.08604
490,5/20/2017,9:00:00 AM,0,0.08650315,0.090508953,0.08604
491,5/20/2017,10:00:00 AM,0,0.086235118,0.090248008,0.08604
492,5/20/2017,11:00:00 AM,0,0.085968743,0.089988186,0.08604
493,5/20/2017,12:00:00 PM,0,0.08570401,0.08972948,0.08604
494,5/20/2017,1:00:00 PM,0,0.085440904,0.089471883,0.08352
495,5/20/2017,2:00:00 PM,0,0.08517941,0.089215387,0.08352
496,5/20/2017,3:00:00 PM,0,0.084919512,0.088959987,0.08064
497,5/20/2017,4:00:00 PM,0,0.084661197,0.088705675,0.08064
498,5/20/2017,5:00:00 PM,0,0.08440445,0.088452445,0.07776
499,5/20/2017,6:00:00 PM,0,0.084149256,0.08820029,0.07776
500,5/20/2017,7:00:00 PM,0,0.083895602,0.087949203,0.07776
501,5/20/2017,8:00:00 PM,0,0.083643474,0.087699179,0.07776
502,5/20/2017,9:00:00 PM,0,0.083392858,0.08745021,0.07776
503,5/20/2017,10:00:00 PM,0,0.08314374,0.087202291,0.07776
504,5/20/2017,11:00:00 PM,0,0.082896108,0.086955415,0.07776
505,5/21/2017,12:00:00 AM,0,0.082649947,0.086709575,0.07776
506,5/21/2017,1:00:00 AM,0,0.082405245,0.086464765,0.07776
507,5/21/2017,2:00:00 AM,0,0.082161988,0.08622098,0.07776
508,5/21/2017,3:00:00 AM,0,0.081920165,0.085978212,0.08064
509,5/21/2017,4:00:00 AM,0,0.081679762,0.085736457,0.08064
510,5/21/2017,5:00:00 AM,0,0.081440767,0.085495707,0.08064
511,5/21/2017,6:00:00 AM,0,0.081203167,0.085255957,0.08064
512,5/21/2017,7:00:00 AM,0,0.080966951,0.085017201,0.08064
513,5/21/2017,8:00:00 AM,0,0.080732106,0.084779433,0.08064
514,5/21/2017,9:00:00 AM,0,0.08049862,0.084542647,0.08064
515,5/21/2017,10:00:00 AM,0,0.080266482,0.084306837,0.08064
516,5/21/2017,11:00:00 AM,0,0.08003568,0.084071998,0.08064
517,5/21/2017,12:00:00 PM,0,0.079806202,0.083838123,0.08064
518,5/21/2017,1:00:00 PM,0,0.079578038,0.083605208,0.08064
519,5/21/2017,2:00:00 PM,0,0.079351175,0.083373246,0.08064
520,5/21/2017,3:00:00 PM,0,0.079125603,0.083142232,0.07776
521,5/21/2017,4:00:00 PM,0,0.078901311,0.08291216,0.0702
522,5/21/2017,5:00:00 PM,0,0.078678288,0.082683025,0.0702
523,5/21/2017,6:00:00 PM,0,0.078456523,0.082454821,0.0702
524,5/21/2017,7:00:00 PM,0,0.078236005,0.082227543,0.0702
525,5/21/2017,8:00:00 PM,0,0.078016724,0.082001185,0.0702
526,5/21/2017,9:00:00 PM,0,0.07779867,0.081775743,0.0702
527,5/21/2017,10:00:00 PM,0,0.077581833,0.08155121,0.0702
528,5/21/2017,11:00:00 PM,0,0.077366201,0.081327582,0.0702
529,5/22/2017,12:00:00 AM,0,0.077151766,0.081104854,0.07272
530,5/22/2017,1:00:00 AM,0,0.076938517,0.080883019,0.07272
531,5/22/2017,2:00:00 AM,0,0.076726444,0.080662074,0.07272
532,5/22/2017,3:00:00 AM,0,0.076515538,0.080442013,0.07524
533,5/22/2017,4:00:00 AM,0.350000024,0.076305789,0.085411658,0.08352
534,5/22/2017,5:00:00 AM,0.474999994,0.076097188,0.087579931,0.09504
535,5/22/2017,6:00:00 AM,0.75,0.075889725,0.092317303,0.11124
536,5/22/2017,7:00:00 AM,1.125,0.075683391,0.099492997,0.12528
537,5/22/2017,8:00:00 AM,1.625000119,0.075478176,0.109536593,0.12888
538,5/22/2017,9:00:00 AM,1.875,0.106995003,0.11765859,0.12888
539,5/22/2017,10:00:00 AM,0.925000012,0.094741931,0.109399916,0.12168
540,5/22/2017,11:00:00 AM,1.900000095,0.116492713,0.140213152,0.11448
541,5/22/2017,12:00:00 PM,0,0.08610852,0.091980136,0.11124
542,5/22/2017,1:00:00 PM,0,0.085842926,0.091712822,0.1044
543,5/22/2017,2:00:00 PM,0,0.085578967,0.09144667,0.10116
544,5/22/2017,3:00:00 PM,0,0.085316627,0.091181674,0.1044
545,5/22/2017,4:00:00 PM,0,0.085055892,0.090917825,0.12888
546,5/22/2017,5:00:00 PM,0.075000003,0.084796747,0.092757068,0.19332
547,5/22/2017,6:00:00 PM,1.300000072,0.09118076,0.126722287,0.23436
548,5/22/2017,7:00:00 PM,1.950000048,0.121532709,0.149915847,0.22032
549,5/22/2017,8:00:00 PM,2.225000143,0.17144252,0.172785706,0.19332
550,5/22/2017,9:00:00 PM,3.125,0.231016208,0.22082682,0.17208
551,5/22/2017,10:00:00 PM,0.200000003,0.108476713,0.117703862,0.16056
552,5/22/2017,11:00:00 PM,0,0.106678764,0.103739265,0.14868
553,5/23/2017,12:00:00 AM,0,0.10627127,0.103418612,0.1404
554,5/23/2017,1:00:00 AM,0,0.10586688,0.103099471,0.13248
555,5/23/2017,2:00:00 AM,0,0.105465558,0.102781831,0.12888
556,5/23/2017,3:00:00 AM,0,0.105067271,0.102465682,0.12528
557,5/23/2017,4:00:00 AM,0,0.104671984,0.102151014,0.12168
558,5/23/2017,5:00:00 AM,0,0.104279662,0.101837817,0.11844
559,5/23/2017,6:00:00 AM,0,0.103890274,0.101526081,0.11448
560,5/23/2017,7:00:00 AM,0,0.103503785,0.101215796,0.11124
561,5/23/2017,8:00:00 AM,0,0.103120163,0.100906953,0.11124
562,5/23/2017,9:00:00 AM,0,0.102739378,0.100599541,0.10764
563,5/23/2017,10:00:00 AM,0,0.102361397,0.100293552,0.1044
564,5/23/2017,11:00:00 AM,0,0.101986189,0.099988975,0.1044
565,5/23/2017,12:00:00 PM,0,0.101613725,0.099685802,0.1044
566,5/23/2017,1:00:00 PM,0,0.101243973,0.099384023,0.10116
567,5/23/2017,2:00:00 PM,0,0.100876906,0.099083628,0.09828
568,5/23/2017,3:00:00 PM,0,0.100512492,0.098784608,0.09504
569,5/23/2017,4:00:00 PM,0,0.100150705,0.098486956,0.09504
570,5/23/2017,5:00:00 PM,0,0.099791515,0.09819066,0.09216
571,5/23/2017,6:00:00 PM,0,0.099434894,0.097895713,0.08928
572,5/23/2017,7:00:00 PM,0,0.099080816,0.097602106,0.08604
573,5/23/2017,8:00:00 PM,0,0.098729252,0.097309829,0.08604
574,5/23/2017,9:00:00 PM,0,0.098380177,0.097018874,0.08604
575,5/23/2017,10:00:00 PM,0,0.098033563,0.096729233,0.08604
576,5/23/2017,11:00:00 PM,0,0.097689386,0.096440897,0.08604
577,5/24/2017,12:00:00 AM,0,0.097347619,0.096153857,0.08604
578,5/24/2017,1:00:00 AM,0,0.097008237,0.095868106,0.08604
579,5/24/2017,2:00:00 AM,0,0.096671215,0.095583634,0.08352
580,5/24/2017,3:00:00 AM,0,0.096336529,0.095300433,0.08352
581,5/24/2017,4:00:00 AM,0,0.096004154,0.095018496,0.08352
582,5/24/2017,5:00:00 AM,0,0.095674067,0.094737814,0.08352
583,5/24/2017,6:00:00 AM,0,0.095346243,0.094458378,0.08352
584,5/24/2017,7:00:00 AM,0,0.095020661,0.094180182,0.08352
585,5/24/2017,8:00:00 AM,0,0.094697296,0.093903217,0.08352
586,5/24/2017,9:00:00 AM,0,0.094376127,0.093627476,0.08352
587,5/24/2017,10:00:00 AM,0,0.094057131,0.09335295,0.08352
588,5/24/2017,11:00:00 AM,0,0.093740285,0.093079631,0.08352
589,5/24/2017,12:00:00 PM,0,0.093425569,0.092807513,0.08064
590,5/24/2017,1:00:00 PM,0,0.093112961,0.092536588,0.07776
591,5/24/2017,2:00:00 PM,0,0.09280244,0.092266847,0.07776
592,5/24/2017,3:00:00 PM,0,0.092493985,0.091998284,0.07524
593,5/24/2017,4:00:00 PM,0,0.092187575,0.091730891,0.07524
594,5/24/2017,5:00:00 PM,0,0.09188319,0.091464661,0.07272
595,5/24/2017,6:00:00 PM,0,0.09158081,0.091199587,0.07272
596,5/24/2017,7:00:00 PM,0,0.091280415,0.09093566,0.07272
597,5/24/2017,8:00:00 PM,0,0.090981986,0.090672875,0.07272
598,5/24/2017,9:00:00 PM,0,0.090685504,0.090411224,0.07272
599,5/24/2017,10:00:00 PM,0,0.09039095,0.0901507,0.07272
600,5/24/2017,11:00:00 PM,0,0.090098304,0.089891297,0.07272
601,5/25/2017,12:00:00 AM,0,0.089807548,0.089633006,0.07272
602,5/25/2017,1:00:00 AM,0,0.089518665,0.089375821,0.07272
603,5/25/2017,2:00:00 AM,0,0.089231636,0.089119736,0.07272
604,5/25/2017,3:00:00 AM,0,0.088946443,0.088864744,0.07272
605,5/25/2017,4:00:00 AM,0,0.088663068,0.088610837,0.07272
606,5/25/2017,5:00:00 AM,0,0.088381495,0.08835801,0.07272
607,5/25/2017,6:00:00 AM,0,0.088101706,0.088106255,0.07272
608,5/25/2017,7:00:00 AM,0,0.087823684,0.087855567,0.07272
609,5/25/2017,8:00:00 AM,0,0.087547413,0.087605938,0.07272
610,5/25/2017,9:00:00 AM,0,0.087272876,0.087357363,0.07272
611,5/25/2017,10:00:00 AM,0,0.087000056,0.087109834,0.07272
612,5/25/2017,11:00:00 AM,0,0.086728939,0.086863346,0.07272
613,5/25/2017,12:00:00 PM,0,0.086459507,0.086617892,0.07272
614,5/25/2017,1:00:00 PM,0,0.086191745,0.086373467,0.07272
615,5/25/2017,2:00:00 PM,0,0.085925638,0.086130063,0.0702
616,5/25/2017,3:00:00 PM,0,0.08566117,0.085887675,0.0702
617,5/25/2017,4:00:00 PM,0,0.085398327,0.085646296,0.0702
618,5/25/2017,5:00:00 PM,0,0.085137093,0.085405921,0.07272
619,5/25/2017,6:00:00 PM,0.600000024,0.084877453,0.09539497,0.07776
620,5/25/2017,7:00:00 PM,0,0.084619393,0.085832683,0.08064
621,5/25/2017,8:00:00 PM,0.675000012,0.084362899,0.097347416,0.08352
622,5/25/2017,9:00:00 PM,1.25,0.084107957,0.111054765,0.08352
623,5/25/2017,10:00:00 PM,0.050000001,0.083854552,0.089197827,0.08352
624,5/25/2017,11:00:00 PM,0.675000012,0.08360267,0.103358942,0.08352
625,5/26/2017,12:00:00 AM,0,0.083352298,0.088663595,0.08064
626,5/26/2017,1:00:00 AM,0,0.083103423,0.088410544,0.08064
627,5/26/2017,2:00:00 AM,0,0.08285603,0.088158567,0.08064
628,5/26/2017,3:00:00 AM,0.025,0.082610107,0.0884818,0.07776
629,5/26/2017,4:00:00 AM,0.200000003,0.08236564,0.09225534,0.07776
630,5/26/2017,5:00:00 AM,0,0.082122618,0.087754271,0.07776
631,5/26/2017,6:00:00 AM,0,0.081881026,0.08750507,0.08352
632,5/26/2017,7:00:00 AM,0,0.081640852,0.087256919,0.10116
633,5/26/2017,8:00:00 AM,0.100000001,0.081402084,0.089018317,0.12168
634,5/26/2017,9:00:00 AM,1.775000095,0.08116471,0.122539081,0.15228
635,5/26/2017,10:00:00 AM,1.675000072,0.107195909,0.13463761,0.22968
636,5/26/2017,11:00:00 AM,0.87500006,0.098863276,0.117060202,0.30564
637,5/26/2017,12:00:00 PM,1.850000024,0.120570022,0.148695974,0.29988
638,5/26/2017,1:00:00 PM,2.5,0.191876817,0.184031907,0.26352
639,5/26/2017,2:00:00 PM,1.75,0.170465154,0.200717547,0.23436
640,5/26/2017,3:00:00 PM,0.399999976,0.114447872,0.126339119,0.21096
641,5/26/2017,4:00:00 PM,0.200000003,0.105832791,0.11491594,0.18864
642,5/26/2017,5:00:00 PM,0.150000006,0.104051802,0.111864921,0.17208
643,5/26/2017,6:00:00 PM,0.150000006,0.103664112,0.111798447,0.16056
644,5/26/2017,7:00:00 PM,0,0.103279302,0.10250301,0.14868
645,5/26/2017,8:00:00 PM,0,0.102897342,0.102188168,0.1404
646,5/26/2017,9:00:00 PM,0,0.102518198,0.101874797,0.13248
647,5/26/2017,10:00:00 PM,0,0.102141842,0.101562889,0.12888
648,5/26/2017,11:00:00 PM,0.025,0.10176824,0.102738084,0.12168
649,5/27/2017,12:00:00 AM,0,0.101397365,0.100985592,0.11844
650,5/27/2017,1:00:00 AM,0,0.101029185,0.100677817,0.11448
651,5/27/2017,2:00:00 AM,0,0.100663672,0.100371465,0.11124
652,5/27/2017,3:00:00 AM,0,0.100300796,0.100066529,0.11124
653,5/27/2017,4:00:00 AM,0,0.099940529,0.099762999,0.10764
654,5/27/2017,5:00:00 AM,0,0.099582844,0.099460865,0.1044
655,5/27/2017,6:00:00 AM,0,0.099227712,0.099160118,0.1044
656,5/27/2017,7:00:00 AM,0,0.098875106,0.098860749,0.10116
657,5/27/2017,8:00:00 AM,0,0.098524999,0.098562748,0.10116
658,5/27/2017,9:00:00 AM,0,0.098177366,0.098266107,0.09828
659,5/27/2017,10:00:00 AM,0,0.097832179,0.097970817,0.09828
660,5/27/2017,11:00:00 AM,0,0.097489412,0.097676869,0.09828
661,5/27/2017,12:00:00 PM,0,0.097149042,0.097384253,0.09504
662,5/27/2017,1:00:00 PM,0,0.096811042,0.097092962,0.09216
663,5/27/2017,2:00:00 PM,0,0.096475388,0.096802987,0.08928
664,5/27/2017,3:00:00 PM,0,0.096142055,0.096514319,0.08604
665,5/27/2017,4:00:00 PM,0,0.095811019,0.096226949,0.08352
666,5/27/2017,5:00:00 PM,0,0.095482258,0.09594087,0.08352
667,5/27/2017,6:00:00 PM,0,0.095155747,0.095656072,0.08064
668,5/27/2017,7:00:00 PM,0,0.094831463,0.095372548,0.08064
669,5/27/2017,8:00:00 PM,0,0.094509384,0.095090289,0.07776
670,5/27/2017,9:00:00 PM,0,0.094189487,0.094809288,0.07776
671,5/27/2017,10:00:00 PM,0,0.09387175,0.094529535,0.07776
672,5/27/2017,11:00:00 PM,0,0.093556151,0.094251024,0.07776
673,5/28/2017,12:00:00 AM,0,0.093242669,0.093973746,0.07776
674,5/28/2017,1:00:00 AM,0,0.092931283,0.093697693,0.07776
675,5/28/2017,2:00:00 AM,0,0.092621971,0.093422857,0.08064
676,5/28/2017,3:00:00 AM,0,0.092314713,0.093149232,0.07776
677,5/28/2017,4:00:00 AM,0,0.092009489,0.092876808,0.07776
678,5/28/2017,5:00:00 AM,0,0.091706278,0.092605579,0.07776
679,5/28/2017,6:00:00 AM,0,0.09140506,0.092335537,0.07776
680,5/28/2017,7:00:00 AM,0,0.091105817,0.092066674,0.07776
681,5/28/2017,8:00:00 AM,0,0.090808527,0.091798984,0.07776
682,5/28/2017,9:00:00 AM,0,0.090513174,0.091532458,0.07776
683,5/28/2017,10:00:00 AM,0,0.090219737,0.091267089,0.07776
684,5/28/2017,11:00:00 AM,0,0.089928198,0.091002871,0.07776
685,5/28/2017,12:00:00 PM,0,0.089638538,0.090739795,0.07524
686,5/28/2017,1:00:00 PM,0,0.08935074,0.090477856,0.07524
687,5/28/2017,2:00:00 PM,0,0.089064786,0.090217045,0.07272
688,5/28/2017,3:00:00 PM,0,0.088780657,0.089957356,0.0702
689,5/28/2017,4:00:00 PM,0,0.088498337,0.089698782,0.06732
690,5/28/2017,5:00:00 PM,0,0.088217809,0.089441316,0.06732
691,5/28/2017,6:00:00 PM,0,0.087939054,0.089184951,0.06516
692,5/28/2017,7:00:00 PM,0,0.087662057,0.088929681,0.06516
693,5/28/2017,8:00:00 PM,0,0.087386801,0.088675498,0.06516
694,5/28/2017,9:00:00 PM,0,0.087113269,0.088422396,0.06516
695,5/28/2017,10:00:00 PM,0,0.086841446,0.088170368,0.06516
696,5/28/2017,11:00:00 PM,0,0.086571315,0.087919409,0.06516
697,5/29/2017,12:00:00 AM,0,0.086302861,0.08766951,0.06516
698,5/29/2017,1:00:00 AM,0,0.086036068,0.087420667,0.06732
699,5/29/2017,2:00:00 AM,0,0.085770921,0.087172872,0.06732
700,5/29/2017,3:00:00 AM,0,0.085507404,0.086926119,0.06732
701,5/29/2017,4:00:00 AM,0,0.085245503,0.086680402,0.06732
702,5/29/2017,5:00:00 AM,0,0.084985202,0.086435715,0.06732
703,5/29/2017,6:00:00 AM,0,0.084726487,0.086192051,0.06732
704,5/29/2017,7:00:00 AM,0,0.084469344,0.085949404,0.06732
705,5/29/2017,8:00:00 AM,0,0.084213758,0.085707768,0.06732
706,5/29/2017,9:00:00 AM,0,0.083959716,0.085467138,0.06732
707,5/29/2017,10:00:00 AM,0,0.083707202,0.085227506,0.06732
708,5/29/2017,11:00:00 AM,0,0.083456204,0.084988868,0.06732
709,5/29/2017,12:00:00 PM,0,0.083206708,0.084751217,0.06732
710,5/29/2017,1:00:00 PM,0,0.082958701,0.084514548,0.06732
711,5/29/2017,2:00:00 PM,0,0.082712168,0.084278853,0.0702
712,5/29/2017,3:00:00 PM,0,0.082467098,0.084044129,0.07524
713,5/29/2017,4:00:00 PM,0.025,0.082223476,0.084223051,0.08352
714,5/29/2017,5:00:00 PM,1.800000072,0.081981291,0.113197569,0.09216
715,5/29/2017,6:00:00 PM,2.375,0.08174053,0.128625687,0.09828
716,5/29/2017,7:00:00 PM,0.600000024,0.088365373,0.105774477,0.10116
717,5/29/2017,8:00:00 PM,0.800000012,0.095118555,0.11224985,0.09828
718,5/29/2017,9:00:00 PM,0.649999976,0.093678084,0.109833214,0.09504
719,5/29/2017,10:00:00 PM,0.300000012,0.087745013,0.100626959,0.09216
720,5/29/2017,11:00:00 PM,0,0.085173751,0.092164148,0.08928
721,5/30/2017,12:00:00 AM,0,0.084913888,0.091896033,0.08604
722,5/30/2017,1:00:00 AM,0,0.084655607,0.091629085,0.08352
723,5/30/2017,2:00:00 AM,0,0.084398894,0.091363297,0.08352
724,5/30/2017,3:00:00 AM,0,0.084143734,0.091098662,0.08064
725,5/30/2017,4:00:00 AM,0,0.083890113,0.090835172,0.08064
726,5/30/2017,5:00:00 AM,0,0.083638018,0.090572821,0.07776
727,5/30/2017,6:00:00 AM,0,0.083387435,0.090311601,0.07776
728,5/30/2017,7:00:00 AM,0,0.083138349,0.090051506,0.07776
729,5/30/2017,8:00:00 AM,0,0.082890749,0.089792528,0.07524
730,5/30/2017,9:00:00 AM,0,0.08264462,0.08953466,0.07524
731,5/30/2017,10:00:00 AM,0,0.082399949,0.089277896,0.07524
732,5/30/2017,11:00:00 AM,0,0.082156724,0.089022229,0.07524
733,5/30/2017,12:00:00 PM,0,0.081914932,0.088767652,0.07524
734,5/30/2017,1:00:00 PM,0,0.081674559,0.088514159,0.07524
735,5/30/2017,2:00:00 PM,0,0.081435594,0.088261742,0.07524
736,5/30/2017,3:00:00 PM,0,0.081198025,0.088010395,0.07524
737,5/30/2017,4:00:00 PM,0,0.080961839,0.087760113,0.07776
738,5/30/2017,5:00:00 PM,0.075000003,0.080727023,0.089211637,0.07776
739,5/30/2017,6:00:00 PM,0.875,0.080493567,0.107009384,0.07776
740,5/30/2017,7:00:00 PM,0.200000003,0.080261458,0.093145571,0.07776
741,5/30/2017,8:00:00 PM,0,0.080030685,0.088533597,0.07524
742,5/30/2017,9:00:00 PM,0,0.079801236,0.088281098,0.07776
743,5/30/2017,10:00:00 PM,0,0.0795731,0.088029669,0.09504
744,5/30/2017,11:00:00 PM,0,0.079346265,0.087779305,0.11448
745,5/31/2017,12:00:00 AM,0,0.079120721,0.087529998,0.12888
746,5/31/2017,1:00:00 AM,4.525000095,0.130316441,0.188770054,0.12168
747,5/31/2017,2:00:00 AM,0.900000036,0.100929001,0.124257147,0.11448
748,5/31/2017,3:00:00 AM,0.350000024,0.091724535,0.107641007,0.10764
749,5/31/2017,4:00:00 AM,0.050000001,0.088287419,0.097455608,0.1044
750,5/31/2017,5:00:00 AM,0.125,0.088008225,0.099866624,0.10116
751,5/31/2017,6:00:00 AM,0,0.087730793,0.095408071,0.09828
752,5/31/2017,7:00:00 AM,0,0.087455105,0.095125654,0.09504
753,5/31/2017,8:00:00 AM,0,0.087181146,0.094844495,0.09216
754,5/31/2017,9:00:00 AM,0,0.086908899,0.094564586,0.09216
755,5/31/2017,10:00:00 AM,0,0.086638349,0.09428592,0.09216
756,5/31/2017,11:00:00 AM,0,0.086369479,0.094008487,0.10116
757,5/31/2017,12:00:00 PM,0,0.086102275,0.093732281,0.1044
758,5/31/2017,1:00:00 PM,0.100000001,0.085836719,0.096663195,0.1044
759,5/31/2017,2:00:00 PM,0.925000012,0.085572798,0.122956184,0.10116
760,5/31/2017,3:00:00 PM,0,0.085310496,0.09457098,0.09828
761,5/31/2017,4:00:00 PM,0,0.085049799,0.094292285,0.09504
762,5/31/2017,5:00:00 PM,0,0.084790691,0.094014824,0.1044
763,5/31/2017,6:00:00 PM,0.050000001,0.084533158,0.095361232,0.14868
764,5/31/2017,7:00:00 PM,0,0.084277187,0.093544339,0.1674
765,5/31/2017,8:00:00 PM,0.574999988,0.084022761,0.111600451,0.15588
766,5/31/2017,9:00:00 PM,5.074999809,0.205533059,0.261312067,0.1404
767,5/31/2017,10:00:00 PM,0.275000006,0.102094176,0.118762817,0.12888
768,5/31/2017,11:00:00 PM,0,0.097208151,0.102354613,0.12168
769,6/1/2017,12:00:00 AM,0,0.09686974,0.102040465,0.11448
770,6/1/2017,1:00:00 AM,0,0.096533679,0.101712734,0.11124
771,6/1/2017,2:00:00 AM,0,0.096199944,0.101386576,0.10764
772,6/1/2017,3:00:00 AM,0,0.09586851,0.101061979,0.1044
773,6/1/2017,4:00:00 AM,0,0.095539354,0.100738934,0.10116
774,6/1/2017,5:00:00 AM,0,0.095212453,0.100417429,0.09828
775,6/1/2017,6:00:00 AM,0,0.094887782,0.100097454,0.09504
776,6/1/2017,7:00:00 AM,0,0.094565321,0.099778998,0.09504
777,6/1/2017,8:00:00 AM,0,0.094245045,0.099462052,0.09216
778,6/1/2017,9:00:00 AM,0,0.093926934,0.099146604,0.09216
779,6/1/2017,10:00:00 AM,0,0.093610964,0.098832644,0.09216
780,6/1/2017,11:00:00 AM,0,0.093297115,0.098520163,0.08928
781,6/1/2017,12:00:00 PM,0,0.092985366,0.098209151,0.08928
782,6/1/2017,1:00:00 PM,0,0.092675694,0.097899597,0.08928
783,6/1/2017,2:00:00 PM,0,0.09236808,0.097591492,0.08604
784,6/1/2017,3:00:00 PM,0,0.092062503,0.097284825,0.08352
785,6/1/2017,4:00:00 PM,0,0.091758943,0.096979588,0.08064
786,6/1/2017,5:00:00 PM,0,0.091457379,0.096675771,0.07776
787,6/1/2017,6:00:00 PM,0,0.091157793,0.096373364,0.07776
788,6/1/2017,7:00:00 PM,0.075000003,0.090860165,0.098746974,0.07524
789,6/1/2017,8:00:00 PM,0,0.090564476,0.095896296,0.07272
790,6/1/2017,9:00:00 PM,0,0.090270706,0.095597494,0.07272
791,6/1/2017,10:00:00 PM,0,0.089978838,0.095300069,0.07272
792,6/1/2017,11:00:00 PM,0,0.089688852,0.095004012,0.07272
793,6/2/2017,12:00:00 AM,0,0.089400731,0.094709313,0.07272
794,6/2/2017,1:00:00 AM,0,0.089114457,0.094415965,0.07272
795,6/2/2017,2:00:00 AM,0,0.088830012,0.094123957,0.07272
796,6/2/2017,3:00:00 AM,0,0.088547378,0.093833282,0.07272
797,6/2/2017,4:00:00 AM,0,0.088266539,0.09354393,0.07272
798,6/2/2017,5:00:00 AM,0,0.087987477,0.093255893,0.07272
799,6/2/2017,6:00:00 AM,0,0.087710175,0.092969162,0.07272
800,6/2/2017,7:00:00 AM,0,0.087434617,0.092683729,0.07272
801,6/2/2017,8:00:00 AM,0,0.087160786,0.092399585,0.07272
802,6/2/2017,9:00:00 AM,0,0.086888666,0.092116722,0.07272
803,6/2/2017,10:00:00 AM,0,0.086618242,0.091835132,0.07272
804,6/2/2017,11:00:00 AM,0,0.086349497,0.091554807,0.0702
805,6/2/2017,12:00:00 PM,0,0.086082415,0.091275738,0.0702
806,6/2/2017,1:00:00 PM,0,0.085816983,0.090997917,0.06732
807,6/2/2017,2:00:00 PM,0,0.085553183,0.090721336,0.0702
808,6/2/2017,3:00:00 PM,0,0.085291001,0.090445988,0.07272
809,6/2/2017,4:00:00 PM,0,0.085030423,0.090171865,0.07524
810,6/2/2017,5:00:00 PM,0,0.084771433,0.089898958,0.08064
811,6/2/2017,6:00:00 PM,0,0.084514017,0.08962726,0.08352
812,6/2/2017,7:00:00 PM,0.050000001,0.084258161,0.090703069,0.08352
813,6/2/2017,8:00:00 PM,0.200000003,0.084003851,0.094524458,0.08352
814,6/2/2017,9:00:00 PM,0,0.083751072,0.089207158,0.08064
815,6/2/2017,10:00:00 PM,0,0.083499811,0.088938515,0.07776
816,6/2/2017,11:00:00 PM,0,0.083250054,0.088671053,0.07776
817,6/3/2017,12:00:00 AM,0,0.083001789,0.088404767,0.08064
818,6/3/2017,1:00:00 AM,0,0.082755,0.088139647,0.08064
819,6/3/2017,2:00:00 AM,0,0.082509676,0.087875687,0.08352
820,6/3/2017,3:00:00 AM,0,0.082265803,0.08761288,0.08352
821,6/3/2017,4:00:00 AM,0,0.082023369,0.087351219,0.08352
822,6/3/2017,5:00:00 AM,0,0.08178236,0.087090696,0.08352
823,6/3/2017,6:00:00 AM,0,0.081542764,0.086831304,0.08352
824,6/3/2017,7:00:00 AM,0,0.08130457,0.086573036,0.08352
825,6/3/2017,8:00:00 AM,0,0.081067764,0.086315885,0.08352
826,6/3/2017,9:00:00 AM,0.150000006,0.080832334,0.0887065,0.08352
827,6/3/2017,10:00:00 AM,0,0.080598269,0.086032234,0.08064
828,6/3/2017,11:00:00 AM,0.050000001,0.080365556,0.086650242,0.08064
829,6/3/2017,12:00:00 PM,0,0.080134184,0.08559919,0.08064
830,6/3/2017,1:00:00 PM,0.125,0.079904142,0.087483742,0.07776
831,6/3/2017,2:00:00 PM,0,0.079675417,0.0852824,0.07776
832,6/3/2017,3:00:00 PM,0,0.079447999,0.085030802,0.08064
833,6/3/2017,4:00:00 PM,0,0.079221877,0.084780279,0.08352
834,6/3/2017,5:00:00 PM,0,0.078997039,0.084530827,0.08928
835,6/3/2017,6:00:00 PM,0,0.078773475,0.084282438,0.09504
836,6/3/2017,7:00:00 PM,0.200000003,0.078551173,0.087340828,0.09504
837,6/3/2017,8:00:00 PM,0.125,0.078330123,0.086158905,0.09216
838,6/3/2017,9:00:00 PM,0.125,0.078110315,0.086090734,0.08928
839,6/3/2017,10:00:00 PM,0,0.077891738,0.083963973,0.08604
840,6/3/2017,11:00:00 PM,0,0.077674382,0.083717992,0.08352
841,6/4/2017,12:00:00 AM,0,0.077458236,0.083473054,0.08352
842,6/4/2017,1:00:00 AM,0,0.07724329,0.083229151,0.08064
843,6/4/2017,2:00:00 AM,0,0.077029535,0.082986278,0.08064
844,6/4/2017,3:00:00 AM,0,0.076816961,0.082744428,0.08064
845,6/4/2017,4:00:00 AM,0,0.076605557,0.082503595,0.07776
846,6/4/2017,5:00:00 AM,0,0.076395315,0.082263774,0.07776
847,6/4/2017,6:00:00 AM,0,0.076186224,0.082024958,0.07776
848,6/4/2017,7:00:00 AM,0,0.075978276,0.08178714,0.07524
849,6/4/2017,8:00:00 AM,0,0.07577146,0.081550316,0.07524
850,6/4/2017,9:00:00 AM,0,0.075565768,0.081314479,0.07524
851,6/4/2017,10:00:00 AM,0,0.07536119,0.081079623,0.07524
852,6/4/2017,11:00:00 AM,0,0.075157718,0.080845743,0.07524
853,6/4/2017,12:00:00 PM,0,0.074955343,0.080612833,0.07272
854,6/4/2017,1:00:00 PM,0,0.074754055,0.080380886,0.07272
855,6/4/2017,2:00:00 PM,0,0.074553846,0.080149898,0.0702
856,6/4/2017,3:00:00 PM,0,0.074354707,0.079919863,0.06732
857,6/4/2017,4:00:00 PM,0,0.07415663,0.079690775,0.06732
858,6/4/2017,5:00:00 PM,0.025,0.073959606,0.079819813,0.06516
859,6/4/2017,6:00:00 PM,0.100000001,0.073763627,0.080690717,0.06516
860,6/4/2017,7:00:00 PM,0.100000001,0.073568685,0.080604683,0.08352
861,6/4/2017,8:00:00 PM,0.100000001,0.073374771,0.080517092,0.144
862,6/4/2017,9:00:00 PM,0.050000001,0.073181877,0.07972255,0.14868
863,6/4/2017,10:00:00 PM,1.050000072,0.072989995,0.093644587,0.13572
864,6/4/2017,11:00:00 PM,0.524999976,0.072799118,0.087887465,0.12168
865,6/5/2017,12:00:00 AM,0.150000006,0.072609237,0.082885471,0.11124
866,6/5/2017,1:00:00 AM,0,0.072420344,0.080619093,0.1044
867,6/5/2017,2:00:00 AM,0,0.072232433,0.080387121,0.10116
868,6/5/2017,3:00:00 AM,0.100000001,0.072045494,0.081636898,0.09828
869,6/5/2017,4:00:00 AM,0,0.071859522,0.080068235,0.09504
870,6/5/2017,5:00:00 AM,0,0.071674507,0.079838536,0.09216
871,6/5/2017,6:00:00 AM,0,0.071490444,0.079609782,0.08928
872,6/5/2017,7:00:00 AM,0.150000006,0.071307324,0.081523718,0.08928
873,6/5/2017,8:00:00 AM,0,0.071125141,0.079366651,0.08604
874,6/5/2017,9:00:00 AM,0,0.070943886,0.079139834,0.08604
875,6/5/2017,10:00:00 AM,0.100000001,0.070763554,0.080326277,0.08352
876,6/5/2017,11:00:00 AM,0.100000001,0.070584136,0.080237337,0.08604
877,6/5/2017,12:00:00 PM,0.125,0.070405627,0.080493673,0.08604
878,6/5/2017,1:00:00 PM,0,0.070228019,0.078695408,0.08604
879,6/5/2017,2:00:00 PM,0,0.070051305,0.078471334,0.08604
880,6/5/2017,3:00:00 PM,0.075000003,0.069875479,0.079240994,0.08604
881,6/5/2017,4:00:00 PM,0.050000001,0.069700534,0.078789437,0.08352
882,6/5/2017,5:00:00 PM,0,0.069526464,0.077978061,0.08352
883,6/5/2017,6:00:00 PM,0,0.069353261,0.077756902,0.08352
884,6/5/2017,7:00:00 PM,0,0.069180919,0.077536638,0.08352
885,6/5/2017,8:00:00 PM,0,0.069009433,0.077317265,0.08352
886,6/5/2017,9:00:00 PM,0.075000003,0.068838794,0.078073653,0.09828
887,6/5/2017,10:00:00 PM,0,0.068668999,0.076984181,0.15588
888,6/5/2017,11:00:00 PM,0.174999997,0.068500039,0.079017827,0.18864
889,6/6/2017,12:00:00 AM,0,0.068331909,0.076790391,0.18036
890,6/6/2017,1:00:00 AM,0.725000024,0.068164604,0.085838264,0.16416
891,6/6/2017,2:00:00 AM,0.075000003,0.067998115,0.078328649,0.14868
892,6/6/2017,3:00:00 AM,0,0.067832439,0.077238287,0.13572
893,6/6/2017,4:00:00 AM,0.150000006,0.067667569,0.078968164,0.12888
894,6/6/2017,5:00:00 AM,0,0.067503498,0.077008786,0.13248
895,6/6/2017,6:00:00 AM,0,0.067340222,0.076791541,0.14868
896,6/6/2017,7:00:00 AM,0.275000006,0.067177734,0.080089388,0.17568
897,6/6/2017,8:00:00 AM,0.675000012,0.067016029,0.085408563,0.20628
898,6/6/2017,9:00:00 AM,0.700000048,0.066855101,0.086559736,0.225
899,6/6/2017,10:00:00 AM,1.225000024,0.067292371,0.094400764,0.23436
900,6/6/2017,11:00:00 AM,1.25,0.088639503,0.097706669,0.23436
901,6/6/2017,12:00:00 PM,1.125,0.088526874,0.098437053,0.23436
902,6/6/2017,1:00:00 PM,0.800000072,0.084113819,0.095431345,0.23904
903,6/6/2017,2:00:00 PM,0.650000036,0.08248651,0.094257576,0.25776
904,6/6/2017,3:00:00 PM,0.975000024,0.090154218,0.100684452,0.27288
905,6/6/2017,4:00:00 PM,0.824999988,0.089035417,0.09984388,0.27864
906,6/6/2017,5:00:00 PM,1.100000024,0.096196659,0.10838506,0.27288
907,6/6/2017,6:00:00 PM,1.274999976,0.102120321,0.117257761,0.2682
908,6/6/2017,7:00:00 PM,0.949999988,0.098447326,0.115549389,0.27288
909,6/6/2017,8:00:00 PM,0.975000024,0.101017367,0.118617792,0.27288
910,6/6/2017,9:00:00 PM,0.875,0.101166496,0.11797668,0.25776
911,6/6/2017,10:00:00 PM,0.875,0.103085582,0.121245007,0.23436
912,6/6/2017,11:00:00 PM,0.875,0.11136858,0.123765411,0.21564
913,6/7/2017,12:00:00 AM,0.150000006,0.092604276,0.100813204,0.19692
914,6/7/2017,1:00:00 AM,0.175000012,0.092297135,0.101629683,0.18396
915,6/7/2017,2:00:00 AM,0,0.091992027,0.095485636,0.17208
916,6/7/2017,3:00:00 AM,0,0.091688931,0.095188726,0.16416
917,6/7/2017,4:00:00 AM,0,0.091387827,0.09489318,0.16056
918,6/7/2017,5:00:00 AM,0,0.091088696,0.094598989,0.15228
919,6/7/2017,6:00:00 AM,0,0.090791519,0.094306145,0.144
920,6/7/2017,7:00:00 AM,0,0.090496276,0.094014639,0.1404
921,6/7/2017,8:00:00 AM,0,0.090202948,0.093724462,0.13572
922,6/7/2017,9:00:00 AM,0,0.089911517,0.093435605,0.13248
923,6/7/2017,10:00:00 AM,0,0.089621965,0.093148059,0.12888
924,6/7/2017,11:00:00 AM,0,0.089334273,0.092861817,0.12528
925,6/7/2017,12:00:00 PM,0,0.089048424,0.092576869,0.12168
926,6/7/2017,1:00:00 PM,0,0.0887644,0.092293207,0.11844
927,6/7/2017,2:00:00 PM,0,0.088482184,0.092010823,0.11124
928,6/7/2017,3:00:00 PM,0,0.088201757,0.091729709,0.10764
929,6/7/2017,4:00:00 PM,0,0.087923104,0.091449856,0.10116
930,6/7/2017,5:00:00 PM,0,0.087646207,0.091171257,0.09828
931,6/7/2017,6:00:00 PM,0,0.087371051,0.090893903,0.09504
932,6/7/2017,7:00:00 PM,0,0.087097618,0.090617786,0.09504
933,6/7/2017,8:00:00 PM,0,0.086825892,0.090342899,0.09216
934,6/7/2017,9:00:00 PM,0,0.086555858,0.090069233,0.09216
935,6/7/2017,10:00:00 PM,0,0.0862875,0.089796781,0.09216
936,6/7/2017,11:00:00 PM,0,0.086020801,0.089525536,0.09216
937,6/8/2017,12:00:00 AM,0,0.085755748,0.089255488,0.09216
938,6/8/2017,1:00:00 AM,0,0.085492324,0.088986632,0.09216
939,6/8/2017,2:00:00 AM,0,0.085230515,0.088718959,0.09216
940,6/8/2017,3:00:00 AM,0,0.084970306,0.088452462,0.09216
941,6/8/2017,4:00:00 AM,0,0.084711682,0.088187133,0.09216
942,6/8/2017,5:00:00 AM,0,0.084454629,0.087922966,0.09216
943,6/8/2017,6:00:00 AM,0,0.084199132,0.087659953,0.08928
944,6/8/2017,7:00:00 AM,0,0.083945177,0.087398086,0.08928
945,6/8/2017,8:00:00 AM,0,0.083692751,0.087137359,0.08928
946,6/8/2017,9:00:00 AM,0,0.08344184,0.086877765,0.08928
947,6/8/2017,10:00:00 AM,0,0.08319243,0.086619296,0.08928
948,6/8/2017,11:00:00 AM,0,0.082944507,0.086361945,0.08604
949,6/8/2017,12:00:00 PM,0,0.082698059,0.086105706,0.08604
950,6/8/2017,1:00:00 PM,0,0.082453072,0.085850572,0.08352
951,6/8/2017,2:00:00 PM,0,0.082209534,0.085596536,0.08064
952,6/8/2017,3:00:00 PM,0,0.08196743,0.085343591,0.07776
953,6/8/2017,4:00:00 PM,0,0.08172675,0.085091731,0.07524
954,6/8/2017,5:00:00 PM,0,0.08148748,0.084840948,0.07524
955,6/8/2017,6:00:00 PM,0,0.081249608,0.084591236,0.07272
956,6/8/2017,7:00:00 PM,0,0.081013122,0.08434259,0.07272
957,6/8/2017,8:00:00 PM,0,0.080778009,0.084095001,0.07272
958,6/8/2017,9:00:00 PM,0,0.080544258,0.083848465,0.07272
959,6/8/2017,10:00:00 PM,0,0.080311857,0.083602974,0.07272
960,6/8/2017,11:00:00 PM,0,0.080080794,0.083358522,0.07272
961,6/9/2017,12:00:00 AM,0,0.079851058,0.083115103,0.07272
962,6/9/2017,1:00:00 AM,0,0.079622637,0.08287271,0.07524
963,6/9/2017,2:00:00 AM,0,0.07939552,0.082631339,0.07524
964,6/9/2017,3:00:00 AM,0,0.079169696,0.082390981,0.07524
965,6/9/2017,4:00:00 AM,0,0.078945154,0.082151632,0.07524
966,6/9/2017,5:00:00 AM,0,0.078721883,0.081913285,0.07524
967,6/9/2017,6:00:00 AM,0,0.078499872,0.081675934,0.07524
968,6/9/2017,7:00:00 AM,0,0.078279111,0.081439573,0.07524
969,6/9/2017,8:00:00 AM,0,0.078059589,0.081204197,0.07524
970,6/9/2017,9:00:00 AM,0,0.077841295,0.0809698,0.07524
971,6/9/2017,10:00:00 AM,0,0.07762422,0.080736375,0.07524
972,6/9/2017,11:00:00 AM,0.050000001,0.077408353,0.081248788,0.07524
973,6/9/2017,12:00:00 PM,2.099999905,0.077193684,0.11156878,0.07524
974,6/9/2017,1:00:00 PM,0.524999976,0.076980203,0.091617384,0.07272
975,6/9/2017,2:00:00 PM,0,0.076767901,0.083686984,0.07272
976,6/9/2017,3:00:00 PM,0,0.076556767,0.083442176,0.07272
977,6/9/2017,4:00:00 PM,0.400000006,0.076346792,0.089652378,0.0702
978,6/9/2017,5:00:00 PM,0.075000003,0.076137967,0.084773718,0.06732
979,6/9/2017,6:00:00 PM,0,0.075930282,0.083411605,0.06732
980,6/9/2017,7:00:00 PM,0,0.075723727,0.083167962,0.06732
981,6/9/2017,8:00:00 PM,0,0.075518294,0.082925347,0.06516
982,6/9/2017,9:00:00 PM,0,0.075313973,0.082683753,0.06516
983,6/9/2017,10:00:00 PM,0,0.075110756,0.082443176,0.06516
984,6/9/2017,11:00:00 PM,0,0.074908633,0.082203608,0.06516
985,6/10/2017,12:00:00 AM,0,0.074707595,0.081965043,0.06732
986,6/10/2017,1:00:00 AM,0,0.074507635,0.081727476,0.06732
987,6/10/2017,2:00:00 AM,0,0.074308743,0.081490901,0.06732
988,6/10/2017,3:00:00 AM,0,0.07411091,0.081255311,0.06732
989,6/10/2017,4:00:00 AM,0,0.073914129,0.081020701,0.06732
990,6/10/2017,5:00:00 AM,0,0.073718391,0.080787066,0.06732
991,6/10/2017,6:00:00 AM,0,0.073523688,0.080554398,0.06732
992,6/10/2017,7:00:00 AM,0,0.07333001,0.080322694,0.0702
993,6/10/2017,8:00:00 AM,0,0.073137352,0.080091946,0.0702
994,6/10/2017,9:00:00 AM,0,0.072945703,0.079862149,0.0702
995,6/10/2017,10:00:00 AM,0,0.072755057,0.079633298,0.0702
996,6/10/2017,11:00:00 AM,0,0.072565406,0.079405388,0.06732
997,6/10/2017,12:00:00 PM,0,0.072376741,0.079178412,0.06732
998,6/10/2017,1:00:00 PM,0,0.072189056,0.078952365,0.06516
999,6/10/2017,2:00:00 PM,0,0.072002342,0.078727243,0.06516
1000,6/10/2017,3:00:00 PM,0,0.071816592,0.078503038,0.06264
1001,6/10/2017,4:00:00 PM,0,0.071631798,0.078279747,0.06264
1002,6/10/2017,5:00:00 PM,0,0.071447954,0.078057364,0.06012
1003,6/10/2017,6:00:00 PM,0,0.071265052,0.077835883,0.06012
1004,6/10/2017,7:00:00 PM,0,0.071083084,0.0776153,0.06012
1005,6/10/2017,8:00:00 PM,0,0.070902044,0.077395609,0.06012
1006,6/10/2017,9:00:00 PM,0,0.070721924,0.077176805,0.06012
1007,6/10/2017,10:00:00 PM,0,0.070542717,0.076958883,0.06012
1008,6/10/2017,11:00:00 PM,0,0.070364417,0.076741838,0.06012
1009,6/11/2017,12:00:00 AM,0,0.070187017,0.076525665,0.06012
1010,6/11/2017,1:00:00 AM,0,0.070010509,0.076310359,0.06012
1011,6/11/2017,2:00:00 AM,0,0.069834888,0.076095915,0.06264
1012,6/11/2017,3:00:00 AM,0,0.069660146,0.075882328,0.06264
1013,6/11/2017,4:00:00 AM,0,0.069486277,0.075669594,0.06264
1014,6/11/2017,5:00:00 AM,0,0.069313274,0.075457707,0.06516
1015,6/11/2017,6:00:00 AM,0,0.069141131,0.075246663,0.06516
1016,6/11/2017,7:00:00 AM,0,0.068969842,0.075036456,0.06516
1017,6/11/2017,8:00:00 AM,0,0.068799399,0.074827083,0.06516
1018,6/11/2017,9:00:00 AM,0,0.068629798,0.074618539,0.06516
1019,6/11/2017,10:00:00 AM,0,0.068461031,0.074410818,0.06516
1020,6/11/2017,11:00:00 AM,0,0.068293092,0.074203916,0.06516
1021,6/11/2017,12:00:00 PM,0,0.068125976,0.07399783,0.06516
1022,6/11/2017,1:00:00 PM,0,0.067959677,0.073792553,0.06264
1023,6/11/2017,2:00:00 PM,0,0.067794188,0.073588082,0.06012
1024,6/11/2017,3:00:00 PM,0,0.067629503,0.073384412,0.05796
1025,6/11/2017,4:00:00 PM,0,0.067465617,0.073181539,0.0558
1026,6/11/2017,5:00:00 PM,0,0.067302524,0.072979459,0.05328
1027,6/11/2017,6:00:00 PM,0,0.067140218,0.072778166,0.05328
1028,6/11/2017,7:00:00 PM,0,0.066978693,0.072577657,0.05148
1029,6/11/2017,8:00:00 PM,0,0.066817944,0.072377927,0.05148
1030,6/11/2017,9:00:00 PM,0,0.066657965,0.072178972,0.05148
1031,6/11/2017,10:00:00 PM,0,0.066498751,0.071980787,0.05148
1032,6/11/2017,11:00:00 PM,0,0.066340296,0.07178337,0.05148
1033,6/12/2017,12:00:00 AM,0,0.066182595,0.071586714,0.05148
1034,6/12/2017,1:00:00 AM,0,0.066025643,0.071390817,0.05328
1035,6/12/2017,2:00:00 AM,0,0.065869433,0.071195673,0.05328
1036,6/12/2017,3:00:00 AM,0,0.065713962,0.07100128,0.05328
1037,6/12/2017,4:00:00 AM,0,0.065559223,0.070807632,0.05328
1038,6/12/2017,5:00:00 AM,0,0.065405211,0.070614727,0.0558
1039,6/12/2017,6:00:00 AM,0,0.065251922,0.070422559,0.0558
1040,6/12/2017,7:00:00 AM,0,0.06509935,0.070231124,0.0558
1041,6/12/2017,8:00:00 AM,0,0.06494749,0.07004042,0.0558
1042,6/12/2017,9:00:00 AM,0,0.064796338,0.069850442,0.0558
1043,6/12/2017,10:00:00 AM,0,0.064645888,0.069661185,0.0558
1044,6/12/2017,11:00:00 AM,0,0.064496135,0.069472647,0.0558
1045,6/12/2017,12:00:00 PM,0,0.064347075,0.069284823,0.0558
1046,6/12/2017,1:00:00 PM,0,0.064198703,0.069097709,0.05328
1047,6/12/2017,2:00:00 PM,0,0.064051013,0.068911302,0.05148
1048,6/12/2017,3:00:00 PM,0,0.063904003,0.068725598,0.04932
1049,6/12/2017,4:00:00 PM,0,0.063757665,0.068540594,0.04716
1050,6/12/2017,5:00:00 PM,0,0.063611997,0.068356284,0.04716
1051,6/12/2017,6:00:00 PM,0,0.063466994,0.068172667,0.045
1052,6/12/2017,7:00:00 PM,0,0.06332265,0.067989737,0.045
1053,6/12/2017,8:00:00 PM,0,0.063178962,0.067807492,0.045
1054,6/12/2017,9:00:00 PM,0,0.063035924,0.067625928,0.045
1055,6/12/2017,10:00:00 PM,0,0.062893534,0.067445041,0.045
1056,6/12/2017,11:00:00 PM,0,0.062751785,0.067264828,0.045
